POINT,PC
GL76900,Monitoring
GL76880,Monitoring
GL76860,Monitoring
GL76840,Monitoring
GL76820,Monitoring
GL76800,Monitoring
GL76780,Monitoring
GL76760,Monitoring
GL76740,Monitoring
GL76720,Monitoring
GL76700,Big Joe 2
GL76680,Monitoring
GL76660,Monitoring
GL76640,Monitoring
GL76620,Monitoring
GL76600,Monitoring
GL76580,Monitoring
GL76560,Monitoring
GL76540,Monitoring
GL76520,Monitoring
GL76500,Big Joe 2
GL76480,Monitoring
GL76460,Monitoring
GL76440,Monitoring
GL76420,Monitoring
GL76400,Monitoring
GL76380,Monitoring
GL76360,Monitoring
GL76340,Monitoring
GL76320,Monitoring
GL76300,Monitoring
GL76290,Monitoring
GL76280,Big Joe 2
GL76270,Monitoring
GL76260,Monitoring
GL76250,Monitoring
GL76240,Monitoring
GL76230,Monitoring
GL76220,Monitoring
GL76210,Monitoring
GL76200,Monitoring
GL76190,Monitoring
GL76180,Monitoring
GL76170,Monitoring
GL76160,Monitoring
GL76150,Monitoring
GL76140,Monitoring
GL76120,Monitoring
GL76100,Monitoring
GL76080,Big Joe 2
GL76060,Monitoring
GL76040,Monitoring
GL76020,Monitoring
GL76000,Monitoring
GL75990,Monitoring
GL75980,Monitoring
GL75970,Monitoring
GL75960,Monitoring
GL75950,Monitoring
GL75940,Monitoring
GL75930,Monitoring
GL75920,Monitoring
GL75910,Monitoring
GL75900,Big Joe 2
GL75890,Monitoring
GL75880,Monitoring
GL75870,Monitoring
GL75860,Monitoring
GL75850,Monitoring
GL75840,Monitoring
GL75830,Monitoring
GL75820,Monitoring
GL75810,Monitoring
GL75800,Monitoring
GL75790,Monitoring
GL75780,Monitoring
GL75770,Monitoring
GL75760,Big Joe 2
GL75750,Monitoring
GL75740,Monitoring
GL75730,Monitoring
GL75720,Monitoring
GL75710,Monitoring
GL75700,Monitoring
GL75690,Monitoring
GL75680,Monitoring
GL75670,Monitoring
GL75660,Monitoring
GL75650,Monitoring
GL75640,Big Joe 2
GL75630,Monitoring
GL75620,Monitoring
GL75610,Monitoring
GL75600,Monitoring
GL75580,Monitoring
GL75560,Monitoring
GL75540,Monitoring
GL75520,Monitoring
GL75500,Monitoring
GL75480,Monitoring
GL75460,Big Joe 2
GL75440,Monitoring
GL75420,Monitoring
GL75400,Monitoring
GL75380,Monitoring
GL75360,Monitoring
GL75340,Monitoring
GL75320,Monitoring
GL75300,Monitoring
GL75280,Monitoring
GL75260,Monitoring
GL75240,Big Joe 2
GL75220,Monitoring
GL75200,Monitoring
GL75180,Monitoring
GL75160,Monitoring
GL75140,Monitoring
GL75120,Monitoring
GL75100,Monitoring
GL75080,Monitoring
GL75060,Monitoring
GL75040,Big Joe 2
GL75020,Monitoring
GL75000,Monitoring
GL74980,Monitoring
GL74960,Monitoring
GL74940,Monitoring
GL74930,Monitoring
GL74920,Monitoring
GL74910,Monitoring
GL74900,Monitoring
GL74890,Monitoring
GL74880,Monitoring
GL74870,Monitoring
GL74860,Monitoring
GL74850,Monitoring
GL74840,Big Joe 2
GL74830,Monitoring
GL74820,Monitoring
GL74810,Monitoring
GL74800,Monitoring
GL74790,Monitoring
GL74780,Monitoring
GL74770,Monitoring
GL74760,Monitoring
GL74750,Monitoring
GL74740,Monitoring
GL74730,Monitoring
GL74720,Monitoring
GL74710,Monitoring
GL74700,Monitoring
GL74690,Monitoring
GL74680,Monitoring
GL74670,Monitoring
GL74660,Monitoring
GL74650,Monitoring
GL74640,Monitoring
GL74630,Monitoring
GL74620,Big Joe 2
GL74610,Monitoring
GL74600,Monitoring
GL74590,Monitoring
GL74580,Monitoring
GL74570,Monitoring
GL74560,Monitoring
GL74550,Monitoring
GL74540,Monitoring
GL74530,Monitoring
GL74520,Monitoring
GL74510,Monitoring
GL74500,Monitoring
GL74490,Monitoring
GL74480,Monitoring
GL74470,Monitoring
GL74460,Monitoring
GL74450,Monitoring
GL74440,Monitoring
GL74430,Monitoring
GL74420,Monitoring
GL74410,Monitoring
GL74400,Big Joe 2
GL74380,Monitoring
GL74360,Monitoring
GL74340,Monitoring
GL74320,Monitoring
GL74300,Monitoring
GL74280,Monitoring
GL74260,Monitoring
GL74240,Monitoring
GL74220,Big Joe 2
GL74200,Monitoring
GL74180,Monitoring
GL74160,Monitoring
GL74140,Monitoring
GL74120,Monitoring
GL74100,Monitoring
GL74080,Monitoring
GL74060,Monitoring
GL74040,Big Joe 2
GL74020,Monitoring
GL74000,Monitoring
GL73980,Monitoring
GL73960,Monitoring
GL73940,Monitoring
GL73920,Monitoring
GL73900,Monitoring
GL73880,Monitoring
GL73860,Big Joe 2
GL73840,Monitoring
GL73820,Monitoring
GL73800,Monitoring
GL73780,Monitoring
GL73760,Monitoring
GL73740,Monitoring
GL73720,Monitoring
GL73700,Monitoring
GL73680,Monitoring
GL73660,Big Joe 2
GL73640,Monitoring
GL73620,Monitoring
GL73600,Monitoring
GL73580,Monitoring
GL73560,Monitoring
GL73540,Monitoring
GL73520,Monitoring
GL73500,Monitoring
GL73480,Big Joe 2
GL73460,Monitoring
GL73440,Monitoring
GL73420,Monitoring
GL73400,Monitoring
GL73380,Monitoring
GL73360,Monitoring
GL73340,Monitoring
GL73320,Monitoring
GL73300,Monitoring
GL73280,Monitoring
GL73260,Big Joe 2
GL73240,Monitoring
GL73220,Monitoring
GL73200,Monitoring
GL73180,Monitoring
GL73160,Monitoring
GL73140,Monitoring
GL73120,Big Joe 2
GL73100,Monitoring
GL73080,Monitoring
GL73060,Monitoring
GL73040,Monitoring
GL73020,Monitoring
GL73000,Monitoring
GL72980,Monitoring
GL72960,Monitoring
GL72940,Monitoring
GL72920,Big Joe 2
GL72900,Monitoring
GL72880,Monitoring
GL72860,Monitoring
GL72840,Monitoring
GL72820,Monitoring
GL72800,Monitoring
GL72780,Monitoring
GL72760,Monitoring
GL72740,Monitoring
GL72720,Monitoring
GL72700,Monitoring
STN01,Leica Circular Prism
STN02,Leica Circular Prism
STN03,Leica Circular Prism
STN04,Leica Circular Prism
STN05,Leica Circular Prism
STN5A,Leica Circular Prism
STN06,Leica Circular Prism
STN07,Leica Circular Prism
STN7A,Leica Circular Prism
STN08,Leica Circular Prism
STN09,Leica Circular Prism
STN10,Leica Circular Prism
STN11,Leica Circular Prism
STN12,Leica 360 Prism
STN13,Leica 360 Prism
STN14,Leica Circular Prism
STN15,Leica Circular Prism
STN16,Leica 360 Prism
STN17,Leica Circular Prism
STN18,Leica Circular Prism
STN19,Leica Circular Prism
STN20,Leica Circular Prism
STN21,Leica Circular Prism
STN22,Leica 360 Prism
STN741,Leica 360 Prism
STN742,Leica Circular Prism
STN743,Leica 360 Prism
STN751,Leica Circular Prism
STN752,Leica Circular Prism
STN753,Leica Circular Prism
SEWSTN,Leica 360 Prism
RO,Leica 360 Prism
CTL1,Leica 360 Prism
CTL2,Leica 360 Prism
CTL3,Leica 360 Prism
CTL4,Leica 360 Prism
CTL5,Leica 360 Prism
CTL6,Leica 360 Prism
CTL7,Leica 360 Prism
CTL8,Leica 360 Prism
LB76250,Monitoring
LB76060,Monitoring
LB75870,Monitoring
LB75690W,Monitoring
LB75690E,Monitoring
LB75520,Monitoring
LB75120W,Monitoring
LB75120E,Monitoring
LB74770,Monitoring
LB74590,Monitoring
LB74420,Monitoring
LB74410,Monitoring
LB73500,Monitoring
LB74020W,Monitoring
CWRC204,Monitoring
CWRC203,Monitoring
CWRC202,Monitoring
CWRC201,Monitoring
CWRC104,Monitoring
CWRC103,Monitoring
CWRC102,Monitoring
CWRC101,Monitoring
AP001,Monitoring
AP002,Monitoring
AP003,Monitoring
AP004,Monitoring
ES102,Monitoring
ES101,Monitoring
AP104,Monitoring
AP103,Monitoring
AP102,Monitoring
AP101,Monitoring
ES202,Monitoring
ES201,Monitoring
AP204,Monitoring
AP203,Monitoring
AP202,Monitoring
AP201,Monitoring
ES302,Monitoring
ES301,Monitoring
AP304,Monitoring
AP303,Monitoring
AP302,Monitoring
AP301,Monitoring
ES402,Monitoring
ES401,Monitoring
AP404,Monitoring
AP403,Monitoring
AP402,Monitoring
AP401,Monitoring
ES502,Monitoring
ES501,Monitoring
AP504,Monitoring
AP503,Monitoring
AP502,Monitoring
AP501,Monitoring
ES602,Monitoring
ES601,Monitoring
AP604,Monitoring
AP603,Monitoring
AP602,Monitoring
AP601,Monitoring
ES702,Monitoring
ES701,Monitoring
AP704,Monitoring
AP703,Monitoring
AP702,Monitoring
AP701,Monitoring
ES802,Monitoring
ES801,Monitoring
AP804,Monitoring
AP803,Monitoring
AP802,Monitoring
AP801,Monitoring
CWRS204,Monitoring
CWRS203,Monitoring
CWRS202,Monitoring
CWRS201,Monitoring
CWRS104,Monitoring
CWRS103,Monitoring
CWRS102,Monitoring
CWRS101,Monitoring
DB75990,Monitoring
DB75980,Monitoring
DB75970,Monitoring
DB75960,Monitoring
DB75950,Monitoring
DB75940,Monitoring
DB75930,Monitoring
DB75920,Big Joe
DB75910,Monitoring
DB75900,Monitoring
DB75890,Monitoring
DB75880,Monitoring
DB75870,Monitoring
DB75860,Monitoring
DB75850,Monitoring
DB75840,Monitoring
DB75830,Monitoring
DB75820,Monitoring
DB75810,Monitoring
DB75800,Monitoring
DB75790,Monitoring
DB75780,Monitoring
DB75770,Monitoring
DB75760,Monitoring
DB75750,Big Joe
DB75740,Monitoring
DB75730,Monitoring
DB75720,Monitoring
DB75710,Monitoring
DB75700,Monitoring
DB74940,Monitoring
DB74930,Monitoring
DB74920,Monitoring
DB74910,Monitoring
DB74900,Monitoring
DB74890,Monitoring
DB74880,Monitoring
DB74870,Monitoring
DB74860,Monitoring
DB74850,Monitoring
DB74840,Monitoring
DB74830,Big Joe
DB74820,Monitoring
DB74810,Big Joe 2
DB74800,Monitoring
DB74790,Monitoring
DB74780,Monitoring
DB74770,Monitoring
DB74760,Monitoring
DB74750,Monitoring
DB74740,Monitoring
DB74730,Monitoring
DB74720,Monitoring
DB74710,Monitoring
DB74700,Monitoring
DB74690,Monitoring
DB74680,Monitoring
DB74670,Monitoring
DB74660,Monitoring
DB74650,Monitoring
DB74640,Monitoring
DB74630,Monitoring
DB74620,Big Joe
DB74610,Monitoring
DB74600,Monitoring
DB74590,Monitoring
DB74580,Monitoring
DB74570,Monitoring
DB74560,Monitoring
DB74550,Monitoring
DB74540,Monitoring
DB74530,Monitoring
DB74520,Monitoring
DB74510,Monitoring
DB74500,Monitoring
DB74490,Monitoring
DB74480,Monitoring
DB74470,Monitoring
DB74460,Monitoring
DB74450,Monitoring
DB74440,Monitoring
DB74430,Monitoring
DB74420,Monitoring
DT75480,Monitoring
DT75460,Monitoring
DT75440,Monitoring
DT75420,Monitoring
DT75400,Monitoring
DT75380,Monitoring
DT75360,Monitoring
DT75340,Monitoring
DT75320,Monitoring
DT75300,Monitoring
DT75280,Monitoring
DT75260,Monitoring
DT75240,Big Joe 2
DT75220,Monitoring
DT75200,Monitoring
DT75180,Monitoring
DT75160,Monitoring
DT75140,Monitoring
UB75480,Monitoring
UB75460,Monitoring
UB75440,Monitoring
UB75420,Monitoring
UB75400,Monitoring
UB75380,Monitoring
UB75360,Monitoring
UB75340,Monitoring
UB75320,Monitoring
UB75300,Monitoring
UB75280,Monitoring
UB75260,Monitoring
UB75240,Monitoring
UB75220,Monitoring
UB75200,Monitoring
UB75180,Monitoring
UB75160,Monitoring
UB75140,Monitoring
UB76000,Monitoring
UB75990,Monitoring
UB75980,Monitoring
UB75970,Monitoring
UB75960,Monitoring
UB75950,Monitoring
UB75940,Monitoring
UB75930,Monitoring
UB75920,Monitoring
UB75910,Monitoring
UB75900,Monitoring
UB75890,Monitoring
UB75880,Monitoring
UB75860,Monitoring
UB75850,Monitoring
UB75840,Monitoring
UB75830,Monitoring
UB75820,Monitoring
UB75810,Big Joe
UB75800,Monitoring
UB75790,Monitoring
UB75780,Monitoring
UB75770,Monitoring
UB75760,Monitoring
UB75750,Monitoring
UB75740,Monitoring
UB75730,Monitoring
UB75720,Monitoring
UB75710,Monitoring
UB75700,Big Joe
UB75690,Monitoring
UB75680,Monitoring
UB75670,Monitoring
UB75660,Monitoring
UB75650,Monitoring
UB75640,Monitoring
UB75630,Monitoring
UB75620,Monitoring
UB75610,Monitoring
UB75600,Monitoring
UB74940,Monitoring
UB74930,Monitoring
UB74920,Monitoring
UB74910,Monitoring
UB74900,Monitoring
UB74890,Monitoring
UB74880,Monitoring
UB74870,Monitoring
UB74860,Monitoring
UB74850,Monitoring
UB74840,Monitoring
UB74830,Monitoring
UB74820,Monitoring
UB74810,Monitoring
UB74800,Monitoring
UB74790,Big Joe
UB74780,Monitoring
UB74770,Monitoring
UB74760,Monitoring
UB74750,Monitoring
UB74740,Monitoring
UB74730,Monitoring
UB74720,Monitoring
UB74710,Monitoring
UB74700,Monitoring
UB74690,Monitoring
UB74680,Monitoring
UB74670,Big Joe 2
UB74470,Monitoring
UB74480,Monitoring
UB74490,Monitoring
UB74500,Monitoring
UB74510,Monitoring
UB74520,Monitoring
UB74530,Monitoring
UB74540,Monitoring
UB74550,Monitoring
UB74560,Monitoring
UB74570,Monitoring
UB74580,Monitoring
UB74590,Monitoring
UB74600,Monitoring
UB74610,Monitoring
UB74620,Monitoring
UB74630,Monitoring
UB74640,Monitoring
UB74650,Monitoring
UB74660,Monitoring
UT76300,Monitoring
UT76290,Monitoring
UT76280,Monitoring
UT76270,Monitoring
UT76260,Monitoring
UT76250,Monitoring
UT76240,Monitoring
UT76230,Monitoring
UT76220,Monitoring
UT76210,Monitoring
UT76200,Monitoring
UT76190,Monitoring
UT76180,Monitoring
UT76170,Monitoring
UT76160,Monitoring
UT76150,Monitoring
UT76140,Monitoring
UT76000,Monitoring
UT75900,Big Joe 2
UT75810,Big Joe 2
UT75700,Big Joe 2
UT75600,Big Joe 2
UT75480,Monitoring
UT75460,Monitoring
UT75440,Monitoring
UT75420,Monitoring
UT75400,Monitoring
UT75380,Monitoring
UT75360,Monitoring
UT75340,Monitoring
UT75320,Monitoring
UT75300,Monitoring
UT75280,Monitoring
UT75260,Monitoring
UT75240,Monitoring
UT75220,Monitoring
UT75200,Monitoring
UT75180,Monitoring
UT75160,Monitoring
UT75140,Monitoring
UT74940,Big Joe 2
UT74790,Big Joe 2
UT74650,Big Joe 2
UT74470,Big Joe 2
UT74460,Monitoring
UT74450,Monitoring
UT74440,Monitoring
UT74430,Monitoring
UT74420,Monitoring
UT74410,Monitoring
UT74400,Monitoring
UT75990,Monitoring
UT75980,Monitoring
UT75970,Monitoring
UT75960,Monitoring
UT75950,Monitoring
UT75940,Monitoring
UT75930,Monitoring
UT75920,Monitoring
UT75910,Monitoring
UT75890,Monitoring
UT75880,Monitoring
UT75870,Monitoring
UT75860,Monitoring
UT75850,Monitoring
UT75840,Monitoring
UT75830,Monitoring
UT75820,Monitoring
UT75800,Monitoring
UT75790,Monitoring
UT75780,Monitoring
UT75770,Monitoring
UT75760,Monitoring
UT75750,Monitoring
UT75740,Monitoring
UT75730,Monitoring
UT75720,Monitoring
UT75710,Monitoring
UT75690,Monitoring
UT75680,Monitoring
UT75670,Monitoring
UT75660,Monitoring
UT75650,Monitoring
UT75640,Monitoring
UT75630,Monitoring
UT75620,Monitoring
UT75610,Monitoring
UT74930,Monitoring
UT74920,Monitoring
UT74910,Monitoring
UT74900,Monitoring
UT74890,Monitoring
UT74880,Monitoring
UT74870,Monitoring
UT74860,Monitoring
UT74850,Monitoring
UT74840,Monitoring
UT74830,Monitoring
UT74820,Monitoring
UT74810,Monitoring
UT74800,Monitoring
UT74780,Monitoring
UT74770,Monitoring
UT74760,Monitoring
UT74750,Monitoring
UT74740,Monitoring
UT74730,Monitoring
UT74720,Monitoring
UT74710,Monitoring
UT74700,Monitoring
UT74690,Monitoring
UT74680,Monitoring
UT74670,Monitoring
UT74660,Monitoring
UT74480,Monitoring
UT74490,Monitoring
UT74500,Monitoring
UT74510,Monitoring
UT74520,Monitoring
UT74530,Monitoring
UT74540,Monitoring
UT74550,Monitoring
UT74560,Monitoring
UT74570,Monitoring
UT74580,Monitoring
UT74590,Monitoring
UT74600,Monitoring
UT74610,Monitoring
UT74620,Monitoring
UT74630,Monitoring
UT74640,Monitoring
TIE1,Big Joe 2
TIE2,Monitoring
TIE3,Big Joe
UB74220,Monitoring
UB74200,Monitoring
UB74180,Monitoring
UB74160,Monitoring
UB74140,Monitoring
UB74120,Monitoring
UB74100,Monitoring
UB74080,Monitoring
UB74060,Monitoring
UB74040,Monitoring
UB74020,Monitoring
UB74000,Monitoring
UB73980,Monitoring
UB73960,Monitoring
UB73940,Monitoring
UB73920,Monitoring
UB73900,Monitoring
UB73880,Monitoring
UB73860,Monitoring
UT74220,Monitoring
UT74200,Monitoring
UT74180,Monitoring
UT74160,Monitoring
UT74140,Monitoring
UT74120,Monitoring
UT74100,Monitoring
UT74080,Monitoring
UT74060,Monitoring
UT74040,Monitoring
UT74020,Monitoring
UT74000,Monitoring
UT73980,Monitoring
UT73960,Monitoring
UT73940,Monitoring
UT73920,Monitoring
UT73900,Monitoring
DT74220,Monitoring
DT74200,Monitoring
DT74180,Monitoring
DT74160,Monitoring
DT74140,Monitoring
DT74120,Monitoring
DT74100,Monitoring
DT74080,Monitoring
DT74060,Monitoring
DT74040,Monitoring
DT74020,Monitoring
DT74000,Monitoring
DT73980,Monitoring
DT73960,Monitoring
DT73940,Monitoring
DT73920,Monitoring
DT73900,Monitoring
DT73880,Monitoring
DT73860,Monitoring
HCCULDTIE,Big Joe 2
S101,Monitoring
S102,Monitoring
S103,Monitoring
S104,Monitoring
S201,Monitoring
S202,Monitoring
S203,Monitoring
S204,Monitoring
S301,Monitoring
S302,Monitoring
S303,Monitoring
S304,Monitoring
S401,Monitoring
S402,Monitoring
S403,Monitoring
S404,Monitoring
S501,Monitoring
S502,Monitoring
S503,Monitoring
S504,Monitoring
S601,Monitoring
S602,Monitoring
S603,Monitoring
S604,Monitoring
S701,Monitoring
S702,Monitoring
S703,Monitoring
S704,Monitoring
DPSD1,GLASS
DPSD2,GLASS
DPSD3,GLASS
DPSD4,GLASS
DPSD5,GLASS
DPSD6,GLASS
DPSD7,GLASS
DPSU3,GLASS
DPSU4,GLASS
DPSU5,GLASS
DPSU6,GLASS
DPSU7,GLASS
CUL7401C,Monitoring
CUL7401S,Monitoring
CUL7402C,Monitoring
CUL7402S,Monitoring
CUL7403C,Monitoring
CUL7403S,Monitoring
INLET,Monitoring
OUTLET,Monitoring
CUL7504C,Monitoring
CUL7504S,Monitoring
CUL7503C,Monitoring
CUL7503S,Monitoring
CUL7502C,Monitoring
CUL7502S,Monitoring
CUL7501C,Monitoring
CUL7501S,Monitoring
